Movie Name,Movie Code,Open date,Movie Type,Nation,Genre,Directors,companys
007 스카이폴,20113461,20121026,장편,미국,액션,샘 멘데스,NA
007 스펙터,20157432,20151111,장편,영국,액션,샘 멘데스,NA
12 솔져스,20178395,20180131,장편,미국,액션,니콜라이 퓰시,NA
1987,20170590,20171227,장편,한국,드라마,장준환,20160263/(주)우정필름
1급기밀,20168161,20180124,장편,한국,드라마,홍기선,20126335/(주)미인픽쳐스
23 아이덴티티,20170241,20170222,장편,미국,스릴러,M. 나이트 샤말란,NA
26년,20088506,20121129,장편,한국,액션,조근현,20100202/영화사청어람(주)
300: 제국의 부활,20147247,20140306,장편,미국,액션,노암 머로,NA
47 미터,20177181,20170719,장편,영국,스릴러,조하네스 로버츠,NA
50가지 그림자: 해방,20180542,20180221,장편,미국,드라마,제임스 폴리,NA
7년의 밤,20154908,20180328,장편,한국,스릴러,추창민,20101558/(주)바른손
7번방의 선물,20127593,20130123,장편,한국,코미디,이환경,20100411/(주)화인웍스
R2B: 리턴투베이스,20124049,20120815,장편,한국,액션,김동원,20123069/(주)주머니필름
가디언즈,20126407,20121129,장편,미국,애니메이션,피터 램지,20103156/드림웍스 애니메이션
가디언즈 오브 갤럭시,20149317,20140731,장편,미국,액션,제임스 건,NA
가디언즈 오브 갤럭시 VOL. 2,20163603,20170503,장편,미국,액션,제임스 건,NA
가려진 시간,20154905,20161116,장편,한국,드라마,엄태화,20100558/(주)바른손이앤에이
가문의 영광5 - 가문의 귀환,20128687,20121219,장편,한국,코미디,정용기,20100947/(주)태원엔터테인먼트
간기남,20124032,20120411,장편,한국,코미디,김형준,20111231/(주)트로피엔터테인먼트
간신,20142402,20150521,장편,한국,사극,민규동,20100340/(주)수필름
간첩,20124400,20120920,장편,한국,드라마,우민호,20122736/(주)영화사울림
감기,20124937,20130814,장편,한국,드라마,김성수,20100453/아이러브시네마
감시자들,20122783,20130703,장편,한국,범죄,조의석,20100450/영화사 집
갓 오브 이집트,20159162,20160303,장편,미국,어드벤처,알렉스 프로야스,NA
강남 1970,20136888,20150121,장편,한국,액션,유하,20141216/(주)모베라픽처스
강철비,20170402,20171214,장편,한국,액션,양우석,20158288/(주)와이웍스엔터테인먼트
개구쟁이 스머프 2,20136761,20130801,장편,미국,애니메이션,라자 고스넬,NA
개를 훔치는 완벽한 방법,20130574,20141231,장편,한국,드라마,김성호,20100901/(주)삼거리픽쳐스
거울나라의 앨리스,20162968,20160907,장편,미국,어드벤처,제임스 보빈,NA
건축학개론,20124074,20120322,장편,한국,멜로/로맨스,이용주,20100545/(주)명필름
검사외전,20145507,20160203,장편,한국,범죄,이일형,20126515/(주)영화사 월광
검은 사제들,20145503,20151105,장편,한국,미스터리,장재현,20100450/영화사 집
게이트-완결판,20186926,20180621,장편,한국,범죄,신재호,20186982/삼삼공구 브라더스
겟 아웃,20175262,20170517,장편,미국,공포(호러),조던 필레,NA
겨울왕국,20136803,20140116,장편,미국,애니메이션,크리스 벅,NA
결혼전야,20136061,20131121,장편,한국,멜로/로맨스,홍지영,20100340/(주)수필름
경성학교: 사라진 소녀들,20141224,20150618,장편,한국,미스터리,이해영,20100187/청년필름(주)
계춘할망,20156559,20160519,장편,한국,가족,창,20100004/지오엔터테인먼트
고령화 가족,20120426,20130509,장편,한국,드라마,송해성,20122471/(주)인벤트스톤
"고산자, 대동여지도",20159648,20160907,장편,한국,사극,강우석,20100303/(주)시네마서비스
고스트버스터즈,20162404,20160825,장편,미국,액션,폴 페이그,NA
고질라,20147874,20140515,장편,미국,액션,가렛 에드워즈,NA
곡성,20140194,20160512,장편,한국,미스터리,나홍진,20169368/(주)사이드미러
곤지암,20180804,20180328,장편,한국,공포(호러),정범식,2016841/(주)하이브미디어코프
골든슬럼버,20168250,20180214,장편,한국,범죄,노동석,20100450/영화사 집
공각기동대 : 고스트 인 더 쉘,20163194,20170329,장편,미국,SF,루퍼트 샌더스,NA
공모자들,20124063,20120829,장편,한국,범죄,김홍선,20111361/(주)영화사채움
공범,20129606,20131024,장편,한국,스릴러,국동석,20063205/선샤인필름(주)
공조,20151228,20170118,장편,한국,액션,김성훈,20100278/(주)제이케이필름
관능의 법칙,20130561,20140213,장편,한국,드라마,권칠인,20100545/(주)명필름
관상,20126091,20130911,장편,한국,사극,한재림,20100128/(주)주피터필름
"광해, 왕이 된 남자",20124079,20120913,장편,한국,사극,추창민,20100540/리얼라이즈픽쳐스(주)
구스범스,20157158,20160114,장편,미국,액션,롭 레터맨,NA
국가대표 2,20150968,20160810,장편,한국,드라마,김종현,20100158/케이엠컬쳐㈜
국제시장,20137048,20141217,장편,한국,드라마,윤제균,20100278/(주)제이케이필름
군도: 민란의 시대,20123501,20140723,장편,한국,사극,윤종빈,20126515/(주)영화사 월광
군함도,20161481,20170726,장편,한국,액션,류승완,20100374/(주)외유내강
굿 다이노,20155422,20160107,장편,미국,애니메이션,피터 손,NA
굿바이 싱글,20150972,20160629,장편,한국,코미디,김태곤,20155529/호두앤유 엔터테인먼트(주)
궁합,20150969,20180228,장편,한국,코미디,홍창표,20100128/(주)주피터필름
귀향,20161364,20160224,장편,한국,드라마,조정래,20123223/주식회사 제이오엔터테인먼트코리아
그것,20179696,20170906,장편,미국,공포(호러),안드레스 무시에티,NA
그것만이 내 세상,20176104,20180117,장편,한국,코미디,최성현,20100278/(주)제이케이필름
"그날, 바다",20182352,20180412,장편,한국,다큐멘터리,김지영,20173981/프로젝트 부 
그날의 분위기,20068576,20160114,장편,한국,멜로/로맨스,조규장,20123837/영화사 문(주)
수상한 그녀,20131102,20140122,장편,한국,드라마,황동혁,20140512/(주)예인플러스엔터테인먼트
그놈이다,20157465,20151028,장편,한국,스릴러,윤준형,20040050/상상필름(주)
그래비티,20139221,20131017,장편,미국,SF,알폰소 쿠아론,NA
그랜드 부다페스트 호텔,20147727,20140320,장편,미국,미스터리,웨스 앤더슨,NA
그레이의 50가지 그림자,20147613,20150226,장편,미국,드라마,샘 테일러-존슨,NA
그레이트 월,20163580,20170215,장편,미국,판타지,장예모,NA
극비수사,20148855,20150618,장편,한국,드라마,곽경택,2013214/(주)제이콘컴퍼니
극장판 요괴워치: 염라대왕과 5개의 이야기다냥!,20164521,20160720,장편,일본,애니메이션,타카하시 시게하루,NA
극장판 요괴워치: 탄생의 비밀이다냥!,20150501,20150722,장편,일본,애니메이션,타카하시 시게하루,NA
극장판 포켓몬스터 너로 정했다!,20174965,20171221,장편,일본,애니메이션,유야마 쿠니히코,NA
"극장판 포켓몬스터 베스트위시: 신의 속도 게노세크트, 뮤츠의 각성",20134592,20140109,장편,일본,애니메이션,유야마 쿠니히코,NA
극장판 포켓몬스터 베스트위시「큐레무 VS 성검사 케르디오」,20128247,20121219,장편,일본,애니메이션,유야마 쿠니히코,NA
극장판 포켓몬스터DP - 디아루가 VS 펄기아 VS 다크라이,20135305,20180606,장편,일본,애니메이션,유야마 쿠니히코,NA
극적인 하룻밤,20157501,20151203,장편,한국,멜로/로맨스,하기호,20155311/(주)연우무대
기술자들,20149265,20141224,장편,한국,범죄,김홍선,20122965/(주)트리니티엔터테인먼트
기억의 밤,20173581,20171129,장편,한국,미스터리,장항준,20138935/(주)비에이엔터테인먼트
깡철이,20123381,20131002,장편,한국,드라마,안권태,20100303/(주)시네마서비스
우리는 같은 꿈을 꾼다,20175143,20171130,장편,헝가리,드라마,일디코 엔예디,NA
끝까지 간다,20130442,20140529,장편,한국,액션,김성훈,20062097/(주)에이디사공육
나는 왕이로소이다,20124080,20120808,장편,한국,사극,장규성,20100419/데이지엔터테인먼트
나를 기억해,20177266,20180419,장편,한국,미스터리,이한욱,20187263/(주)오아시스이엔티
나를 잊지 말아요,20142641,20160107,장편,한국,멜로/로맨스,이윤정,20157708/(주)더블유 팩토리
나를 찾아줘,20140425,20141023,장편,미국,스릴러,데이빗 핀처,NA
나미야 잡화점의 기적,20179731,20180228,장편,일본,판타지,히로키 류이치,NA
나우 유 씨 미 2,20150203,20160713,장편,미국,범죄,존 추,NA
나우 유 씨 미 : 마술사기단,20138881,20130822,장편,미국,범죄,루이스 리테리어,NA
나의 PS 파트너 ,20124936,20121206,장편,한국,멜로/로맨스,변성현,20125715/나의PS파트너 문화산업전문회사
나의 독재자,20148626,20141030,장편,한국,드라마,이해준,20100432/반짝반짝영화사(주)
나의 사랑 나의 신부,20147930,20141008,장편,한국,멜로/로맨스,임찬상,20137195/필름모멘텀
나의 소녀시대,20163137,20160512,장편,대만,멜로/로맨스,프랭키 첸,NA
"날, 보러와요",20152782,20160407,장편,한국,미스터리,이철하,20130328/(주)오에이엘
남영동1985,20127546,20121122,장편,한국,드라마,정지영,20062550/(주)아우라픽처스
남자가 사랑할 때,20137043,20140122,장편,한국,멜로/로맨스,한동욱,20122737/(주)사나이픽처스
남자사용설명서,20126087,20130214,장편,한국,코미디,이원석,20100402/(주)영화사소풍
남쪽으로 튀어,20125990,20130206,장편,한국,코미디,임순례,20123840/(주)영화사거미
남한산성,20165450,20171003,장편,한국,사극,황동혁,20175685/(주)싸이런픽쳐스
내 심장을 쏴라,20148553,20150128,장편,한국,드라마,문제용,20100128/(주)주피터필름
내 아내의 모든 것,20113554,20120517,장편,한국,코미디,민규동,20100340/(주)수필름
내가 살인범이다,20124075,20121108,장편,한국,액션,정병길,20100385/(주)다세포클럽
내부자들,20149314,20151119,장편,한국,범죄,우민호,20157297/(유)내부자들 문화전문회사
내부자들: 디 오리지널,20150025,20151231,장편,한국,범죄,우민호,20157297/(유)내부자들 문화전문회사
너의 이름은.,20161872,20170104,장편,일본,애니메이션,신카이 마코토,NA
너의 췌장을 먹고 싶어,20171024,20171025,장편,일본,드라마,츠키카와 쇼,NA
널 기다리며,20145396,20160310,장편,한국,스릴러,모홍진,20141515/(주)영화사수작
넛잡 2,20171817,20171003,장편,한국,애니메이션,캘런 브런커,20111482/(주)레드로버
넛잡: 땅콩 도둑들,20136800,20140129,장편,한국,애니메이션,피터 레페니오티스,20111482/(주)레드로버
노무현입니다,20174602,20170525,장편,한국,다큐멘터리,이창재,20173882/영화사 풀
노브레싱,20138223,20131030,장편,한국,드라마,조용선,20062247/(주)영화사 수작
노아-40일간의 기적,20140341,20140813,장편,미국,액션,피터 가이거,NA
노예 12년,20136866,20140227,장편,미국,드라마,스티브 맥퀸,NA
논스톱 액시던트,20149290,20140604,장편,미국,액션,프레드 올렌 레이,NA
눈의 여왕,20123421,20130207,장편,러시아,애니메이션,블라드 바르베,NA
눈의 여왕 2: 트롤의 마법거울,20143344,20141224,장편,러시아,애니메이션,알렉세이 트시칠린,NA
눈의 여왕 3: 눈과 불의 마법대결,20165153,20170104,장편,러시아,애니메이션,알렉세이 트시칠린,NA
늑대소년,20124054,20121031,장편,한국,멜로/로맨스,조성희,20100362/(주)영화사비단길
늑대소년-확장판,20123161,20121206,장편,한국,멜로/로맨스,조성희,20100362/(주)영화사비단길
늑대아이,20127494,20120913,장편,일본,애니메이션,호소다 마모루,NA
어메이징 뮤턴트,20141101,20140903,장편,홍콩,액션,스튜어트 길라드,NA
"님아, 그 강을 건너지 마오",20141111,20141127,장편,한국,다큐멘터리,진모영,20143308/아거스필름
다운사이징,20173547,20180111,장편,미국,드라마,알렉산더 페인,NA
다이노 타임,20100211,20150430,장편,한국,애니메이션,최윤석,20100846/주식회사 토이온
다이노소어 어드벤처 3D,20134984,20131219,장편,미국,액션,베리 쿡,NA
다이버전트,20147283,20140416,장편,미국,SF,닐 버거,NA
다이하드: 굿 데이 투 다이,20123387,20130206,장편,미국,액션,존 무어,NA
다크 나이트 라이즈,20112703,20120719,장편,미국,액션,크리스토퍼 놀란,NA
다크 섀도우,20125866,20120510,장편,미국,드라마,팀 버튼,NA
다키스트 아워,20178228,20180117,장편,영국,드라마,조 라이트,NA
닥터 스트레인지,20163181,20161026,장편,미국,액션,스콧 데릭슨,NA
당갈,20182561,20180425,장편,인도,액션,니테쉬 티와리,NA
"당신, 거기 있어줄래요",20152371,20161214,장편,한국,판타지,홍지영,20100340/(주)수필름
대립군,20169348,20170531,장편,한국,드라마,정윤철,20100540/리얼라이즈픽쳐스(주)
대장 김창수,20164424,20171019,장편,한국,드라마,이원태,20138935/(주)비에이엔터테인먼트
대호,20145171,20151216,장편,한국,사극,박훈정,20122737/(주)사나이픽처스
댄싱퀸,20113743,20120118,장편,한국,코미디,이석훈,20100278/(주)제이케이필름
더 울버린,20137121,20130725,장편,미국,액션,제임스 맨골드,NA
더 울프 오브 월스트리트,20136812,20140109,장편,미국,범죄,마틴 스콜세지,NA
더 웹툰: 예고살인,20129114,20130627,장편,한국,공포(호러),김용균,20100310/(주)필마픽쳐스 
더 임파서블,20121861,20130117,장편,스페인,액션,후안 안토니오 바요나,NA
더 킹,20151229,20170118,장편,한국,범죄,한재림,20141519/(주)우주필름
더 테러 라이브,20136052,20130731,장편,한국,범죄,김병우,20100025/(주)씨네이천
더 파이브,20134801,20131114,장편,한국,스릴러,정연식,20100303/(주)시네마서비스
더 포리너,20189901,20180207,장편,영국,액션,마틴 캠벨,NA
더 포스트,20189861,20180228,장편,미국,드라마,스티븐 스필버그,NA
더 폰,20157464,20151022,장편,한국,스릴러,김봉주,20123067/(주)미스터로맨스
덕구,20181561,20180405,장편,한국,드라마,방수인,20158292/(주)영화사두둥
덕혜옹주,20150979,20160803,장편,한국,사극,허진호,2016841/(주)하이브미디어코프
덩케르크,20164621,20170720,장편,미국,액션,크리스토퍼 놀란,NA
데드풀,20153781,20160217,장편,미국,액션,팀 밀러,NA
데드풀 2,20176848,20180516,장편,미국,액션,데이빗 레이치,NA
데자뷰,20173865,20180530,장편,한국,미스터리,고경민,20153568/(주)스톰픽쳐스코리아
도둑들,20124034,20120725,장편,한국,액션,최동훈,20062083/(주)케이퍼필름
도라에몽 : 스탠 바이 미,20144322,20150212,장편,일본,애니메이션,야마자키 타카시,NA
도리를 찾아서,20159058,20160706,장편,미국,애니메이션,앤드류 스탠튼,NA
도리화가,20140144,20151125,장편,한국,사극,이종필,20158028/(주)영화사 담담
독전: 익스텐디드 컷,20188042,20180718,장편,한국,범죄,이해영,20137896/(주)용필름
돈 크라이 마미,20124348,20121122,장편,한국,스릴러,김용한,20122695/(주)씨네마골뱅이
돈의 맛,20124064,20120517,장편,한국,드라마,임상수,20111485/휠므빠말주식회사
동주,20158482,20160217,장편,한국,드라마,이준익,20101097/(주) 루스이소니도스
동창생,20127595,20131106,장편,한국,액션,박홍수,20124216/더램프(주)
두 개의 달,20125916,20120712,장편,한국,공포(호러),김동빈,20123795/(주)고스트픽처스
두근두근 내 인생,20134594,20140903,장편,한국,드라마,이재용,20100450/영화사 집
드라큘라: 전설의 시작,20141261,20141008,장편,미국,판타지,개리 쇼어,NA
드래곤 길들이기 2,20131248,20140723,장편,미국,애니메이션,딘 데블로이스,NA
디스 민즈 워,20124096,20120229,장편,미국,액션,맥지,NA
또 하나의 약속,20122787,20140206,장편,한국,드라마,김태윤,20126195/(주)또하나의가족 제작위원회
라라랜드,20167904,20161207,장편,미국,드라마,다미엔 차젤레,NA
라이트 아웃,20163217,20160824,장편,미국,공포(호러),데이비드 F. 샌드버그,NA
노 게임 노 라이프 -제로-,20173806,20171019,장편,일본,애니메이션,이시즈카 아츠코,NA
라이프 오브 파이,20128386,20130101,장편,미국,어드벤처,이안,NA
락아웃: 익스트림미션,20124946,20120614,장편,미국,SF,제임스 매더스,NA
램페이지,20176917,20180412,장편,미국,액션,브래드 페이튼,NA
"러브, 로지",20142421,20141210,장편,영국,코미디,크리스티안 디터,NA
러브픽션,20113916,20120229,장편,한국,멜로/로맨스,전계수,20100901/(주)삼거리픽쳐스
러빙 빈센트,20179942,20171109,장편,영국,애니메이션,도로타 코비엘라,NA
럭키,20153444,20161013,장편,한국,코미디,이계벽,20137896/(주)용필름
런 올 나이트,20157041,20150319,장편,미국,액션,자움 콜렛 세라,NA
런닝맨,20126671,20130404,장편,한국,액션,조동오,20061727/(주)크리픽쳐스
런던 해즈 폴른,20151884,20160310,장편,미국,액션,바박 나자피,NA
레드 스패로,20180341,20180228,장편,미국,스릴러,프란시스 로렌스,NA
레드: 더 레전드,20136962,20130718,장편,미국,액션,딘 패리소트,NA
레드카펫,20139964,20141023,장편,한국,멜로/로맨스,박범수,20114932/씨네주(유)
레디 플레이어 원,20171122,20180328,장편,미국,액션,스티븐 스필버그,NA
레미제라블,20128274,20121219,장편,미국,드라마,톰 후퍼,NA
레버넌트: 죽음에서 돌아온 자,20154001,20160114,장편,미국,어드벤처,알레한드로 곤잘레스 이냐리투,NA
레슬러,20177005,20180509,장편,한국,드라마,김대웅,20138660/(주)안나푸르나필름
레오나르도 다 빈치,20183195,20180426,장편,이탈리아,애니메이션,세르지오 맨피오,NA
레이디 버드,20178424,20180404,장편,미국,코미디,그레타 거윅,NA
레전드 오브 타잔,20163661,20160629,장편,미국,액션,데이빗 예이츠,NA
레지던트 이블 5 : 최후의 심판,20127401,20120913,장편,미국,액션,폴 W.S. 앤더슨,NA
레지던트 이블: 파멸의 날,20168688,20170125,장편,미국,액션,폴 W.S. 앤더슨,NA
로건,20161827,20170301,장편,미국,액션,제임스 맨골드,NA
로그 원: 스타워즈 스토리,20163183,20161228,장편,미국,액션,가렛 에드워즈,NA
로렉스,20113889,20120503,장편,미국,애니메이션,크리스 리노드,NA
로보캅,20134587,20140213,장편,미국,액션,호세 파딜라,NA
"로봇, 소리",20157466,20160127,장편,한국,드라마,이호재,20168548/(주)영화사 좋은날
론 레인저,20136862,20130704,장편,미국,액션,고어 버빈스키,NA
롤러코스터,20122785,20131017,장편,한국,코미디,하정우,20126355/(주)판타지오픽쳐스
루시,20135656,20140903,장편,미국,액션,뤽 베송,NA
루퍼,20128270,20121011,장편,미국,SF,라이언 존슨,NA
리얼,20159647,20170628,장편,한국,액션,이사랑,20174961/(주)코브픽쳐스
리오 2,20138962,20140501,장편,미국,애니메이션,카를로스 살다나,NA
리틀 포레스트: 사계절,20175058,20180322,장편,일본,드라마,모리 준이치,NA
링컨: 뱀파이어 헌터,20125338,20120830,장편,미국,액션,티무르 베크맘베토브,NA
마녀,20185341,20180627,장편,한국,미스터리,박훈정,20161022/(주)영화사 금월
마다가스카3 : 이번엔 서커스다!,20124136,20120606,장편,미국,애니메이션,에릭 다넬,NA
마다가스카의 펭귄,20149859,20141231,장편,미국,애니메이션,에릭 다넬,NA
마담 뺑덕,20136863,20141002,장편,한국,멜로/로맨스,임필성,20062560/(주)영화사동물의왕국
마션,20151383,20151008,장편,미국,액션,리들리 스콧,NA
마스터,20161725,20161221,장편,한국,액션,조의석,20100450/영화사 집
마야2,20179228,20180201,장편,독일,애니메이션,노엘 클리어리,NA
마이 웨이,20110295,20111221,장편,한국,전쟁,강제규,20063309/(주)디렉터스
마이펫의 이중생활,20156082,20160803,장편,미국,애니메이션,크리스 리노드,NA
말레피센트,20148383,20140529,장편,미국,액션,로버트 스트롬버그,NA
매그니피센트 7,20163294,20160914,장편,미국,액션,안톤 후쿠아,NA
매드 맥스: 분노의 도로,20144741,20150514,장편,미국,액션,조지 밀러,NA
매직빈,20182385,20180503,장편,중국,애니메이션,조이 주,NA
맨 오브 스틸,20137961,20130613,장편,미국,SF,잭 스나이더,NA
맨 온 렛지,20124420,20120222,장편,미국,범죄,애스게르 레스,NA
맨 인 더 다크,20167481,20161005,장편,미국,스릴러,페드 알바레즈,NA
맨 인 블랙 3,20113885,20120524,장편,미국,액션,배리 소넨필드,NA
머니백,20165045,20180412,장편,한국,액션,허준형,20160643/(주)젠픽쳐스
메리다와 마법의 숲,20127634,20120927,장편,미국,애니메이션,마크 앤드류스,NA
메리와 마녀의 꽃,20174585,20171207,장편,일본,애니메이션,요네바야시 히로마사,NA
메이즈 러너,20140431,20140918,장편,미국,액션,웨스 볼,NA
메이즈 러너: 데스 큐어,20175054,20180117,장편,미국,액션,웨스 볼,NA
메이즈 러너: 스코치 트라이얼,20150622,20150916,장편,미국,액션,웨스 볼,NA
메카닉: 리크루트,20167261,20160831,장편,미국,액션,데니스 간젤,NA
명량,20129370,20140730,장편,한국,사극,김한민,20123063/(주)빅스톤픽쳐스
명탐정 코난 : 수평선상의 음모,20058720,20130807,장편,일본,애니메이션,야마모토 야스이치로,NA
명탐정 코난 : 이차원의 저격수,20149567,20140806,장편,일본,애니메이션,시즈노 코분,NA
명탐정 코난 : 코난 실종사건 - 사상 최악의 이틀,20155761,20150212,장편,일본,애니메이션,야마모토 야스이치로,NA
명탐정 코난 : 화염의 해바라기,20151964,20150805,장편,일본,애니메이션,시즈노 코분,NA
명탐정 코난: 11번째 스트라이커,20127306,20120719,장편,일본,애니메이션,시즈노 코분,NA
명탐정 코난: 순흑의 악몽,20162002,20160803,장편,일본,애니메이션,시즈노 코분,NA
명탐정 코난:감벽의 관,20078561,20180214,장편,일본,애니메이션,야마모토 야스이치로,NA
명탐정 코난:진홍의 연가,20170124,20170802,장편,일본,애니메이션,시즈노 코분,NA
모모와 다락방의 수상한 요괴들,20127108,20120705,장편,일본,애니메이션,오키우라 히로유키,20104508/프로덕션 I.G.
모아나,20165443,20170112,장편,미국,애니메이션,론 클레멘츠,NA
몬스터,20136060,20140313,장편,한국,스릴러,황인호,20040050/상상필름(주)
몬스터 대학교,20135001,20130912,장편,미국,애니메이션,댄 스캔론,NA
몬스터 패밀리,20176082,20171221,장편,독일,애니메이션,호거 태프,NA
몬스터 호텔,20129156,20130117,장편,미국,애니메이션,젠디 타타코브스키,NA
몬스터 호텔 2,20154242,20151224,장편,미국,애니메이션,젠디 타타코브스키,NA
몽타주,20122784,20130516,장편,한국,스릴러,정근섭,20126335/(주)미인픽쳐스
무뢰한,20130566,20150527,장편,한국,멜로/로맨스,오승욱,20122737/(주)사나이픽처스
무서운 이야기,20124349,20120725,옴니버스,한국,공포(호러),정범식,20100340/(주)수필름
무서운 이야기 2 '탈출',20134248,20130605,기타,한국,공포(호러),NA,NA
뮨: 달의 요정,20151815,20150924,장편,프랑스,애니메이션,알렉상드르 헤보얀,NA
미 비포 유,20163215,20160601,장편,미국,멜로/로맨스,테아 샤록,NA
미나문방구,20128691,20130516,장편,한국,드라마,정익환,20124955/(주)별의별
잠자는 숲속의 미녀와 야수,20149769,20140715,장편,미국,판타지,캐스퍼 반 디엔,NA
미녀와 야수,20164721,20170316,장편,미국,멜로/로맨스,빌 콘돈,NA
미니언즈,20145361,20150729,장편,미국,애니메이션,피에르 꼬팽,NA
미니특공대X,20181366,20180322,장편,한국,애니메이션,이영준,20000384/(주)삼지애니메이션
미드나잇 선,20184845,20180621,장편,미국,멜로/로맨스,스콧 스피어,NA
미드나잇 인 파리,20126686,20120705,장편,미국,코미디,우디 알렌,NA
미션 임파서블: 로그네이션,20157881,20150730,장편,미국,액션,크리스토퍼 맥쿼리,NA
미션임파서블:고스트프로토콜,20112207,20111215,장편,미국,액션,브래드 버드,20104469/파라마운트 픽쳐스
미스 페레그린과 이상한 아이들의 집,20164501,20160928,장편,미국,미스터리,팀 버튼,NA
미스터 고,20124082,20130717,장편,한국,코미디,김용화,20123564/(주)덱스터필름
미쓰 와이프,20143513,20150813,장편,한국,코미디,강효진,20063189/(주)영화사아이비젼
미쓰GO,20113532,20120621,장편,한국,액션,박철관,20100414/영화사 도로시(주)
미씽: 사라진 여자,20153741,20161130,장편,한국,미스터리,이언희,20139535/다이스필름(주)
도묘필기: 미이라의 부활,20168607,20170630,장편,중국,미스터리,이인항,NA
미확인 동영상 : 절대클릭금지,20110312,20120530,장편,한국,공포(호러),김태경,20062097/(주)에이디사공육
밀레니엄 : 여자를 증오한 남자들,20110882,20120111,장편,미국,스릴러,데이빗 핀처,NA
밀정,20159646,20160907,장편,한국,액션,김지운,20101663/(주)다크서클픽쳐스
바람 바람 바람,20153447,20180405,장편,한국,코미디,이병헌,2016841/(주)하이브미디어코프
바람과 함께 사라지다,20124067,20120808,장편,한국,코미디,김주호,20122495/(주)두타연
박물관이 살아있다 : 비밀의 무덤,20143541,20150114,장편,미국,어드벤처,숀 레비,NA
박수건달,20124935,20130109,장편,한국,코미디,조진규,20122966/주식회사 제이앤피
박열,20178982,20170628,장편,한국,드라마,이준익,20174921/(유)박열문화전문회사
반드시 잡는다,20161762,20171129,장편,한국,스릴러,김홍선,20062097/(주)에이디사공육
반딧불이 딘딘,20189882,20180222,장편,중국,애니메이션,등위봉,NA
반창꼬,20124399,20121219,장편,한국,멜로/로맨스,정기훈,20122735/(주)영화사오름
발레리안: 천 개 행성의 도시,20158047,20170830,장편,프랑스,액션,뤽 베송,NA
밤의 여왕,20123384,20131017,장편,한국,멜로/로맨스,김제영,20063189/(주)영화사아이비젼
방황하는 칼날,20129787,20140410,장편,한국,범죄,이정호,20063007/(주)에코필름
배트맨 대 슈퍼맨: 저스티스의 시작,20152781,20160324,장편,미국,액션,잭 스나이더,NA
배틀쉽,20112134,20120411,장편,미국,SF,피터 버그,NA
백 투 더 비기닝,20156161,20150226,장편,미국,SF,딘 이스라엘리트,NA
백설공주,20125426,20120503,장편,미국,판타지,타셈 싱,NA
버닝,20173202,20180517,장편,한국,미스터리,이창동,20100787/파인하우스필름(주)
벅스 프렌즈,20184261,20180606,장편,중국,애니메이션,딩 스,NA
번개맨과 신비의 섬,20182021,20180405,장편,한국,가족,김지열,20174241/힘컨텐츠(주)
바이스: 범죄도시,20177928,20171228,장편,미국,액션,브라이언 A 밀러,NA
범죄와의 전쟁: 나쁜놈들 전성시대,20113557,20120202,장편,한국,범죄,윤종빈,20063202/(주)팔레트픽처스
베를린,20124083,20130130,장편,한국,액션,류승완,20100374/(주)외유내강
베이비 드라이버,20171090,20170914,장편,영국,액션,에드가 라이트,NA
베테랑,20148048,20150805,장편,한국,액션,류승완,20100374/(주)외유내강
벤허,20167839,20160914,장편,미국,어드벤처,티무르 베크맘베토브,NA
변호인,20134803,20131218,장편,한국,드라마,양우석,20110933/위더스필름(주)
보스 베이비,20174061,20170503,장편,미국,애니메이션,톰 맥그라스,NA
보안관,20162722,20170503,장편,한국,범죄,김형주,20126515/(주)영화사 월광
보통사람,20167902,20170323,장편,한국,드라마,김봉한,20122965/(주)트리니티엔터테인먼트
본 레거시,20126409,20120906,장편,미국,액션,토니 길로이,NA
봉이 김선달,20159644,20160706,장편,한국,사극,박대민,20111289/(주)엠픽처스
부라더,20172603,20171102,장편,한국,코미디,장유정,20063279/(주)홍필름
부러진 화살,20113535,20120118,장편,한국,드라마,정지영,20062550/(주)아우라픽처스
"부르고뉴, 와인에서 찾은 인생",20176067,20180503,장편,프랑스,드라마,세드릭 클래피쉬,NA
부산행,20156564,20160720,장편,한국,액션,연상호,20140808/(주)영화사레드피터
분노의 질주: 더 맥시멈,20135221,20130522,장편,미국,액션,저스틴 린,NA
분노의 질주: 더 세븐,20143580,20150401,장편,미국,액션,제임스 완,NA
분노의 질주: 더 익스트림,20167542,20170412,장편,미국,액션,F. 게리 그레이,NA
불한당: 나쁜 놈들의 세상,20164844,20170517,장편,한국,범죄,변성현,20110854/씨제이이앤엠(주)
뷰티 인사이드,20143572,20150820,장편,한국,판타지,백,20137896/(주)용필름
브레이킹 던 part2,20126469,20121115,장편,미국,드라마,빌 콘돈,NA
브리짓 존스의 베이비,20168885,20160928,장편,미국,코미디,샤론 맥과이어,NA
브이아이피,20164174,20170823,장편,한국,범죄,박훈정,20161022/(주)영화사 금월
블랙 팬서,20170561,20180214,장편,미국,액션,라이언 쿠글러,NA
비긴 어게인,20149629,20140813,장편,미국,멜로/로맨스,존 카니,NA
비밥바룰라,20177473,20180124,장편,한국,코미디,이성재,20142433/영화사김치(주)
비행기 2: 소방구조대,20149978,20140813,장편,미국,애니메이션,로버츠 개너웨이,NA
빅 히어로,20149951,20150121,장편,미국,애니메이션,돈 홀,NA
빅매치,20134590,20141127,장편,한국,액션,최호,20100651/(주)보경사
빅쇼트,20159199,20160121,장편,미국,드라마,아담 맥케이,NA
빌리와 용감한 녀석들 2 ,20133924,20130221,장편,인도,애니메이션,닉힐 아드바니,NA
빌리와 용감한 녀석들 3D,20127887,20120808,장편,독일,애니메이션,라인하드 클루스,NA
뽀로로 극장판 공룡섬 대모험,20174846,20171207,장편,한국,애니메이션,김현호,20020113/(주)오콘
뽀로로 극장판 슈퍼썰매 대모험,20123681,20130123,장편,한국,애니메이션,박영균,20020113/(주)오콘
뽀로로 극장판 컴퓨터 왕국 대모험,20156807,20151210,장편,한국,애니메이션,박영균,20020113/(주)오콘
사냥,20154906,20160629,장편,한국,액션,이우철,20123063/(주)빅스톤픽쳐스
사도,20148846,20150916,장편,한국,사극,이준익,20100239/(주)타이거픽쳐스
사라진 밤,20178781,20180307,장편,한국,스릴러,이창희,20100123/(주)싸이더스
사이코메트리,20134407,20130307,장편,한국,미스터리,권호영,20111289/(주)엠픽처스
살인소설,20167007,20180425,장편,한국,스릴러,김진묵,20101149/(주)페퍼민트앤컴퍼니
살인의뢰,20148461,20150312,장편,한국,범죄,손용호,20126335/(주)미인픽쳐스
살인자의 기억법,20154909,20170906,장편,한국,범죄,원신연,20100103/(주)쇼박스
상의원,20147176,20141224,장편,한국,사극,이원석,20100362/(주)영화사비단길
새미의 어드벤쳐 2,20126406,20120801,장편,벨기에,애니메이션,벤 스타센,NA
샌 안드레아스,20144682,20150603,장편,미국,액션,브래드 페이튼,NA
섀도우 헌터스: 뼈의 도시,20129588,20130912,장편,미국,판타지,해럴드 즈워트,NA
서부전선,20140193,20150924,장편,한국,전쟁,천성일,20100834/(주)하리마오픽쳐스
석조저택 살인사건,20156708,20170509,장편,한국,스릴러,정식,20168769/주식회사 영화사다
선 오브 갓,20147968,20140410,장편,미국,드라마,크리스토퍼 스펜서,NA
설국열차,20126674,20130801,장편,한국,SF,봉준호,20100357/(주)모호필름
설리: 허드슨강의 기적,20168891,20160928,장편,미국,드라마,클린트 이스트우드,NA
성난 변호사,20142855,20151008,장편,한국,범죄,허종호,20110854/씨제이이앤엠(주)
셜록: 유령신부,20157042,20160102,장편,영국,범죄,더글라스 맥키넌,NA
셜록홈즈 : 그림자 게임,20112621,20111221,장편,미국,액션,가이 리치,NA
셰이프 오브 워터: 사랑의 모양,20173436,20180222,장편,미국,어드벤처,기예르모 델 토로,NA
소공녀,20173962,20180322,장편,한국,멜로/로맨스,전고운,20126116/광화문시네마
소녀괴담,20147931,20140702,장편,한국,미스터리,오인천,20123795/(주)고스트픽처스
소수의견,20136057,20150624,장편,한국,드라마,김성제,20100834/(주)하리마오픽쳐스
소원,20134582,20131002,장편,한국,드라마,이준익,20137195/필름모멘텀
손님,20148844,20150709,장편,한국,판타지,김광태,20100346/(주)유비유필름
수상한 그녀,20131102,20140122,장편,한국,드라마,황동혁,20140512/(주)예인플러스엔터테인먼트
수어사이드 스쿼드 : 섹시 히어로즈,20166222,20161215,장편,미국,액션,악셀 브라운,NA
순수의 시대,20136063,20150305,장편,한국,사극,안상훈,20100411/(주)화인웍스
숨바꼭질,20136049,20130814,장편,한국,스릴러,허정,20063193/(주)드림캡쳐
숲속으로,20143422,20141224,장편,미국,뮤지컬,롭 마샬,NA
슈퍼배드 2,20122089,20130912,장편,미국,애니메이션,크리스 리노드,NA
슈퍼배드 3,20173403,20170726,장편,미국,애니메이션,피에르 꼬팽,NA
스노우 화이트 앤 더 헌츠맨,20113745,20120530,장편,미국,액션,루퍼트 샌더스,NA
스머프: 비밀의 숲,20161665,20170428,장편,미국,애니메이션,캘리 애스버리,NA
스물,20148845,20150325,장편,한국,코미디,이병헌,20154488/(주)영화나무
스타워즈: 깨어난 포스,20154141,20151217,장편,미국,액션,J.J. 에이브럼스,NA
스타워즈: 라스트 제다이,20170443,20171214,장편,미국,액션,라이언 존슨,NA
스타트렉 다크니스,20123329,20130530,장편,미국,액션,J.J. 에이브럼스,20104469/파라마운트 픽쳐스
스타트렉 비욘드,20150567,20160817,장편,미국,액션,저스틴 린,NA
"스탠바이, 웬디",20176053,20180530,장편,미국,드라마,벤 루윈,NA
스텝 업: 올 인,20149930,20140903,장편,미국,드라마,트리시 시에,NA
스텝업4 : 레볼루션,20126448,20120815,장편,미국,멜로/로맨스,스콧 스피어,NA
스토커,20120467,20130228,장편,미국,드라마,박찬욱,NA
스파이,20124086,20130905,장편,한국,액션,이승준,20100278/(주)제이케이필름
스파이 브릿지,20152871,20151105,장편,미국,스릴러,스티븐 스필버그,NA
스파이 브릿지,20152871,20151105,장편,미국,스릴러,스티븐 스필버그,NA
스파이더맨: 홈 커밍,20167303,20170705,장편,미국,액션,존 와츠,NA
스파키,20182221,20180412,장편,한국,애니메이션,아론 우들리,20111482/(주)레드로버
스포트라이트,20150565,20160224,장편,미국,드라마,토마스 맥카시,NA
스폰지밥 3D,20149401,20150218,장편,미국,애니메이션,폴 티비트,NA
스플릿,20163521,20161109,장편,한국,드라마,최국희,20100410/오퍼스픽쳐스
슬로우 비디오,20135386,20141002,장편,한국,드라마,김영탁,20124236/이십세기폭스 인터내셔널 프로덕션
시간이탈자,20142621,20160413,장편,한국,스릴러,곽재용,20110854/씨제이이앤엠(주)
시체가 돌아왔다,20124051,20120329,장편,한국,범죄,우선호,20100025/(주)씨네이천
시카리오: 데이 오브 솔다도,20184721,20180627,장편,미국,액션,스테파노 솔리마,NA
신과함께-죄와 벌,20150976,20171220,장편,한국,판타지,김용화,20100540/리얼라이즈픽쳐스(주)
신데렐라,20156841,20150319,장편,미국,멜로/로맨스,케네스 브래너,NA
신비한 동물사전,20162365,20161116,장편,미국,어드벤처,데이빗 예이츠,NA
신세계,20124401,20130221,장편,한국,범죄,박훈정,20122737/(주)사나이픽처스
신의 한 수,20139201,20140703,장편,한국,범죄,조범구,20110891/(주)메이스엔터테인먼트
신이 보낸 사람,20136043,20140213,장편,한국,드라마,김진무,20137735/주식회사 태풍코리아
싱 스트리트,20163018,20160519,장편,아일랜드,드라마,존 카니,NA
썬더와 마법저택,20134206,20131224,장편,벨기에,애니메이션,벤 스타센,NA
쎄시봉,20148188,20150205,장편,한국,멜로/로맨스,김현석,20101112/유한회사 제이필름
쓰리 빌보드,20178449,20180315,장편,미국,코미디,마틴 맥도나,NA
미씽: 사라진 여자,20153741,20161130,장편,한국,미스터리,이언희,20139535/다이스필름(주)
아가씨,20144444,20160601,장편,한국,스릴러,박찬욱,20153848/유한회사 아가씨에프에스
아기배달부 스토크,20163884,20161207,장편,미국,애니메이션,니콜라스 스톨러,NA
아메리칸 메이드,20177541,20170914,장편,미국,범죄,더그 라이만,NA
아메리칸 스나이퍼,20143754,20150114,장편,미국,액션,클린트 이스트우드,NA
아부의 왕,20124055,20120621,장편,한국,코미디,정승구,20062414/(주)황금주전자
아빠는 딸,20151227,20170412,장편,한국,코미디,김형협,20142433/영화사김치(주)
아수라,20153443,20160928,장편,한국,범죄,김성수,20122737/(주)사나이픽처스
아이 캔 스피크,20174142,20170921,장편,한국,코미디,김현석,20156490/주식회사 영화사 시선
아이 필 프리티,20185081,20180606,장편,미국,코미디,아비 콘,NA
아이스 에이지 4: 대륙 이동설,20126667,20120725,장편,미국,애니메이션,스티브 마티노,NA
아이스 에이지: 지구 대충돌,20161286,20160720,장편,미국,애니메이션,마이크 트메이어,NA
아이언맨 3,20121621,20130425,장편,미국,액션,쉐인 블랙,20104469/파라마운트 픽쳐스
아일라,20184689,20180621,장편,터키,드라마,칸 울카이,NA
악녀,20162343,20170608,장편,한국,액션,정병길,20174223/(주)앞에있다
악의 연대기,20149569,20150514,장편,한국,스릴러,백운학,20138935/(주)비에이엔터테인먼트
"안녕, 나의 소녀",20182046,20180516,장편,대만,멜로/로맨스,사준의,NA
"안녕, 헤이즐",20149846,20140813,장편,미국,드라마,조쉬 분,NA
암살,20148851,20150722,장편,한국,액션,최동훈,20062083/(주)케이퍼필름
애나벨,20141113,20141002,장편,미국,공포(호러),존 R. 레오네티,NA
애나벨 : 인형의 주인,20161081,20170810,장편,미국,공포(호러),데이비드 F. 샌드버그,NA
애프터 어스,20137426,20130530,장편,미국,SF,M. 나이트 샤말란,NA
앤트맨,20155702,20150903,장편,미국,액션,페이튼 리드,NA
앨빈과 슈퍼밴드: 악동 어드벤처,20159059,20160204,장편,미국,애니메이션,월트 벡커,NA
앵그리버드 더 무비,20156207,20160519,장편,미국,애니메이션,퍼갈 레일리,NA
어린왕자,20155563,20151223,장편,프랑스,애니메이션,마크 오스본,NA
어메이징 스파이더맨,20126077,20120628,장편,미국,액션,마크 웹,NA
어메이징 스파이더맨 2,20135661,20140423,장편,미국,액션,마크 웹,NA
어바웃 타임,20135428,20131205,장편,영국,멜로/로맨스,리차드 커티스,NA
어벤져스,20124721,20120426,장편,미국,액션,조스 웨던,NA
어벤져스: 에이지 오브 울트론,20148493,20150423,장편,미국,액션,조스 웨던,NA
어벤져스: 인피니티 워,20177478,20180425,장편,미국,액션,안소니 루소,NA
어쌔신 크리드,20164421,20170111,장편,미국,액션,저스틴 커젤,NA
언더 워터,20165201,20160713,장편,미국,공포(호러),자움 콜렛 세라,NA
언터처블: 1%의 우정,20124142,20120322,장편,프랑스,코미디,올리비에르 나카체,NA
얼라이드,20168381,20170111,장편,미국,스릴러,로버트 저메키스,NA
얼리맨,20182984,20180503,장편,영국,애니메이션,닉 파크,NA
에베레스트,20151421,20150924,장편,미국,어드벤처,발타자르 코루마쿠르,NA
에이리언: 커버넌트,20179382,20170509,장편,미국,SF,리들리 스콧,NA
에픽 : 숲속의 전설 ,20138202,20130807,장편,미국,애니메이션,크리스 웻지,NA
엑소더스: 신들과 왕들,20140842,20141203,장편,미국,드라마,리들리 스콧,NA
엑스맨: 데이즈 오브 퓨처 패스트,20147669,20140522,장편,미국,액션,브라이언 싱어,NA
엑스맨: 아포칼립스,20150523,20160525,장편,미국,액션,브라이언 싱어,NA
엔더스 게임,20131246,20131231,장편,미국,SF,개빈 후드,NA
엘리시움,20137811,20130829,장편,미국,SF,닐 블롬캠프,NA
엣지 오브 투모로우,20148807,20140604,장편,미국,액션,더그 라이만,NA
여중생A,20184101,20180620,장편,한국,드라마,이경섭,20122736/(주)영화사울림
역린,20139183,20140430,장편,한국,사극,이재규,20063037/굿초이스컷픽쳐스(주)
연가시,20124062,20120705,장편,한국,공포(호러),박정우,20100297/(주)오죤필름
연애의 온도,20128690,20130321,장편,한국,멜로/로맨스,노덕,20123441/(주)뱅가드스튜디오
연평해전,20134798,20150624,장편,한국,드라마,김학순,20062680/(주)로제타시네마
열정같은소리하고있네,20156748,20151125,장편,한국,드라마,정기훈,20100432/반짝반짝영화사(주)
열한시,20124402,20131128,장편,한국,스릴러,김현석,20061867/(주)파레토웍스
초능력자 2018 : 염력,20182047,20180614,장편,미국,코미디,루이스 바론,NA
오늘의 연애,20142407,20150114,장편,한국,멜로/로맨스,박진표,20138597/(주)팝콘에프앤엠
오리엔트 특급 살인,20178581,20171129,장편,미국,드라마,케네스 브래너,NA
오블리비언,20134181,20130411,장편,미국,액션,조셉 코신스키,NA
오빠생각,20158483,20160121,장편,한국,드라마,이한,20123320/(주)조이래빗
오션스8,20184903,20180613,장편,미국,액션,게리 로스,NA
오즈 그레이트 앤드 파워풀,20122625,20130307,장편,미국,판타지,샘 레이미,NA
오즈의 마법사: 돌아온 도로시,20155881,20150212,장편,미국,애니메이션,윌 핀,NA
오피스,20143511,20150903,장편,한국,스릴러,홍원찬,20136898/(주)영화사꽃
온리 더 브레이브,20178490,20180307,장편,미국,드라마,조셉 코신스키,NA
올 더 머니,20178469,20180201,장편,미국,범죄,리들리 스콧,NA
용의자,20124938,20131224,장편,한국,액션,원신연,20123235/(주)그린피쉬
용의자X,20124057,20121018,장편,한국,미스터리,방은진,20101311/(주)케이앤엔터테인먼트
우는 남자,20132482,20140604,장편,한국,액션,이정범,20139535/다이스필름(주)
우리는 형제입니다,20148842,20141023,장편,한국,코미디,장진,20100541/필름있수다
우아한 거짓말,20138226,20140313,장편,한국,드라마,이한,20100346/(주)유비유필름
워크래프트: 전쟁의 서막,20158150,20160609,장편,미국,액션,던칸 존스,NA
원더,20176947,20171227,장편,미국,드라마,스티븐 크보스키,NA
원더 우먼,20168261,20170531,장편,미국,액션,팻티 젠킨스,NA
원더풀 라디오,20113671,20120105,장편,한국,드라마,권칠인,20063189/(주)영화사아이비젼
원라인,20151230,20170329,장편,한국,범죄,양경모,20126335/(주)미인픽쳐스
월드 워 Z,20122122,20130620,장편,미국,드라마,마크 포스터,20104492/플랜 비 엔터테인먼트
월요일이 사라졌다,20177946,20180222,장편,영국,액션,토미 위르콜라,NA
월터의 상상은 현실이 된다,20134046,20131231,장편,미국,어드벤처,벤 스틸러,NA
웜 바디스,20135241,20130314,장편,미국,멜로/로맨스,조나단 레빈,NA
위대한 개츠비,20136219,20130516,장편,미국,드라마,바즈 루어만,NA
위대한 소원,20159641,20160421,장편,한국,코미디,남대중,20154908/주식회사 브레인샤워
위대한 쇼맨,20179462,20171220,장편,미국,드라마,마이클 그레이시,NA
위자: 저주의 시작,20161843,20161109,장편,미국,공포(호러),마이크 플래너건,NA
위플래쉬,20145141,20150312,장편,미국,드라마,다미엔 차젤레,NA
위험한 관계,20129626,20121011,장편,중국,멜로/로맨스,허진호,NA
위험한 상견례 2,20143512,20150429,장편,한국,멜로/로맨스,김진영,20100938/(주)전망좋은 영화사
유전,20184801,20180607,장편,미국,공포(호러),아리 애스터,NA
은교,20124066,20120425,장편,한국,멜로/로맨스,정지우,20123496/정지우 필름
은밀하게 위대하게,20126672,20130605,장편,한국,액션,장철수,20124237/(주)엠씨엠씨
음치 클리닉 ,20125406,20121129,장편,한국,멜로/로맨스,김진영,20100938/(주)전망좋은 영화사
이미테이션 게임,20141962,20150217,장편,영국,드라마,모튼 틸덤,NA
이스케이프 플랜,20135370,20131205,장편,미국,액션,미카엘 하프스트롬,NA
이웃사람,20125920,20120822,장편,한국,스릴러,김휘,20124455/영화사 무쇠팔
익스펜더블 2,20128143,20120906,장편,미국,액션,사이먼 웨스트,NA
인간중독,20133322,20140514,장편,한국,멜로/로맨스,김대우,20141368/(주)아이언팩키지
인디펜던스 데이 : 리써전스,20150782,20160622,장편,미국,액션,롤랜드 에머리히,NA
인사이드 아웃,20151225,20150709,장편,미국,애니메이션,피트 닥터,NA
인서전트,20144461,20150325,장편,미국,SF,로베르트 슈벤트케,NA
인시디어스 3,20150741,20150709,장편,미국,공포(호러),리 워넬,NA
인시디어스4: 라스트 키,20178126,20180131,장편,미국,공포(호러),애덤 로비텔,NA
인시디어스: 두번째 집,20135657,20131205,장편,미국,공포(호러),제임스 완,NA
인천상륙작전,20156250,20160727,장편,한국,전쟁,이재한,20100947/(주)태원엔터테인먼트
인터스텔라,20149120,20141106,장편,미국,SF,크리스토퍼 놀란,NA
인턴,20152022,20150924,장편,미국,코미디,낸시 마이어스,NA
인투 더 스톰,20149811,20140828,장편,미국,액션,스티븐 쿼일,NA
인페르노,20156007,20161019,장편,미국,미스터리,론 하워드,NA
잃어버린 세계를 찾아서 2: 신비의 섬,20113653,20120119,장편,미국,액션,브래드 페이튼,NA
임금님의 사건수첩,20161726,20170426,장편,한국,코미디,문현성,20157468/(주)영화사람
장고:분노의 추적자,20126306,20130321,장편,미국,서부극(웨스턴),쿠엔틴 타란티노,NA
장산범,20151003,20170817,장편,한국,미스터리,허정,20063193/(주)드림캡쳐
장수상회,20140703,20150409,장편,한국,멜로/로맨스,강제규,20138477/(주)빅픽쳐
장화신은 고양이,20113862,20120112,장편,미국,애니메이션,크리스 밀러,NA
재심,20166421,20170215,장편,한국,드라마,김태윤,20172901/(주)이디오플랜
잭 더 자이언트 킬러,20123641,20130228,장편,미국,판타지,브라이언 싱어,NA
잭 라이언 : 코드네임 쉐도우,20136337,20140116,장편,미국,액션,케네스 브래너,NA
잭 리처,20123333,20130117,장편,미국,액션,크리스토퍼 맥쿼리,20104469/파라마운트 픽쳐스
잭 리처: 네버 고 백,20166363,20161130,장편,미국,액션,에드워드 즈윅,NA
저스티스 리그,20168221,20171115,장편,미국,액션,잭 스나이더,NA
전국노래자랑,20121549,20130501,장편,한국,코미디,이종필,20100531/(주)인앤인픽쳐스
전설의 주먹,20125333,20130410,장편,한국,드라마,강우석,20100303/(주)시네마서비스
점박이:한반도의 공룡3D,20100215,20120126,장편,한국,애니메이션,한상호,20112452/(주)드림써치C&C
점쟁이들,20113887,20121003,장편,한국,코미디,신정원,20122494/(주)사람엔터테인먼트
정글번치: 최강 악당의 등장,20182360,20180419,장편,프랑스,애니메이션,다비드 알로,NA
정글북,20162967,20160609,장편,미국,어드벤처,존 파브로,NA
제보자,20134589,20141002,장편,한국,드라마,임순례,20061784/(주)영화사수박
제이슨 본,20161907,20160727,장편,미국,액션,폴 그린그래스,NA
젝스키스 에이틴,20189525,20180118,장편,한국,다큐멘터리,NA,20063229/(주)와이지엔터테인먼트
조선마술사,20144442,20151230,장편,한국,드라마,김대승,20110933/위더스필름(주)
조선명탐정 : 사라진 놉의 딸,20149570,20150211,장편,한국,사극,김석윤,20100187/청년필름(주)
조선명탐정: 흡혈괴마의 비밀,20179205,20180208,장편,한국,사극,김석윤,20100187/청년필름(주)
조선미녀삼총사,20126090,20140129,장편,한국,코미디,박제현,20123935/(주)웰메이드필름
조작된 도시,20150964,20170209,장편,한국,범죄,박광현,20100781/(주)티피에스컴퍼니
존 카터: 바숨 전쟁의 서막 ,20124629,20120308,장편,미국,SF,앤드류 스탠튼,NA
좋아해줘,20150977,20160217,장편,한국,멜로/로맨스,박현진,20141613/리양필름주식회사
좋은 친구들,20148745,20140710,장편,한국,범죄,이도윤,20100410/오퍼스픽쳐스
주먹왕 랄프,20129388,20121219,장편,미국,애니메이션,리치 무어,NA
주온 : 끝의 시작,20149394,20140716,장편,일본,공포(호러),오치아이 마사유키,NA
주토피아,20155501,20160217,장편,미국,애니메이션,바이론 하워드,NA
주피터 어센딩,20149037,20150205,장편,미국,SF,라나 워쇼스키,NA
쥬라기 월드,20098169,20150611,장편,미국,액션,콜린 트레보로우,NA
쥬라기 월드: 폴른 킹덤,20179086,20180606,장편,미국,액션,후안 안토니오 바요나,NA
쥬만지: 새로운 세계,20171909,20180103,장편,미국,액션,제이크 캐스단,NA
지.아이.조 2,20113972,20130328,장편,미국,액션,존 추,20104469/파라마운트 픽쳐스
지금 만나러 갑니다,20170669,20180314,장편,한국,멜로/로맨스,이장훈,20139999/(주)무비락
지오스톰,20173694,20171019,장편,미국,액션,딘 데블린,NA
집으로 가는 길,20134123,20131211,장편,한국,드라마,방은진,20110854/씨제이이앤엠(주)
찌라시: 위험한 소문,20139401,20140220,장편,한국,범죄,김광식,20061784/(주)영화사수박
차이나타운,20149266,20150429,장편,한국,범죄,한준희,20061932/폴룩스픽쳐스(주)
차이니즈 조디악,20122843,20130227,장편,중국,액션,성룡,NA
차형사,20124065,20120530,장편,한국,코미디,신태라,20060005/(주)영화사홍
창수,20110881,20131128,장편,한국,드라마,이덕희,20100027/영화사 아람(주)
채피,20156402,20150312,장편,미국,액션,닐 블롬캠프,NA
챔피언,20189783,20180501,장편,한국,드라마,김용완,20169072/(주)코코너
천재 강아지 미스터 피바디,20133601,20140424,장편,미국,애니메이션,롭 민코프,NA
청년경찰,20162442,20170809,장편,한국,액션,김주환,20139999/(주)무비락
치외법권,20155826,20150827,장편,한국,액션,신동엽,20142988/(주)유니프로
치즈인더트랩,20172244,20180314,장편,한국,멜로/로맨스,김제영,20174382/(주)마운틴무브먼트스토리
친구 2,20137044,20131114,장편,한국,액션,곽경택,20122965/(주)트리니티엔터테인먼트
침묵,20169643,20171102,장편,한국,드라마,정지우,20137896/(주)용필름
카3: 새로운 도전,20175522,20170713,장편,미국,애니메이션,브라이언 피,NA
카트,20136802,20141113,장편,한국,드라마,부지영,20100545/(주)명필름
캐롤,20150942,20160204,장편,미국,드라마,토드 헤인즈,NA
캐리비안의 해적: 죽은 자는 말이 없다,20170982,20170524,장편,미국,액션,요아킴 뢰닝,NA
캐치미,20139981,20131218,장편,한국,코미디,이현종,20139998/(주)소넷엔터테인먼트
캡틴 아메리카: 시빌 워,20159364,20160427,장편,미국,액션,안소니 루소,NA
캡틴 아메리카: 윈터 솔져,20147790,20140326,장편,미국,액션,조 루소,NA
커다랗고 커다랗고 커다란 배,20182989,20180503,장편,덴마크,애니메이션,필립 립스키,NA
커뮤터,20178230,20180124,장편,영국,액션,자움 콜렛 세라,NA
컨저링,20131381,20130917,장편,미국,공포(호러),제임스 완,NA
컨저링 2,20162941,20160609,장편,미국,공포(호러),제임스 완,NA
컨택트,20179281,20170202,장편,미국,SF,드니 빌뇌브,NA
코리아,20124045,20120503,장편,한국,드라마,문현성,20063209/(주)더타워픽쳐스
코코,20179985,20180111,장편,미국,애니메이션,리 언크리치,NA
콜 미 바이 유어 네임,20178522,20180322,장편,이탈리아,드라마,루카 구아다니노,NA
콩: 스컬 아일랜드,20168183,20170308,장편,미국,액션,조던 복트-로버츠,NA
콰이어트 플레이스,20181788,20180412,장편,미국,공포(호러),존 크랜신스키,NA
쿵푸팬더3,20151803,20160128,장편,미국,애니메이션,여인영,20103156/드림웍스 애니메이션
크로니클,20124666,20120315,장편,미국,액션,조쉬 트랭크,NA
크루즈 패밀리,20135362,20130516,장편,미국,애니메이션,커크 드 미코,NA
클라우드 아틀라스,20124024,20130109,장편,미국,SF,앤디 워쇼스키,NA
클로버필드 10번지,20162065,20160407,장편,미국,미스터리,댄 트라첸버그,NA
킬러의 보디가드,20171962,20170830,장편,미국,액션,패트릭 휴즈,NA
킹 아서: 제왕의 검,20173961,20170517,장편,영국,판타지,가이 리치,NA
킹스맨 : 시크릿 에이전트,20140110,20150211,장편,미국,액션,매튜 본,NA
킹스맨: 골든 서클,20175222,20170927,장편,미국,액션,매튜 본,NA
타워,20124039,20121225,장편,한국,드라마,김지훈,20110854/씨제이이앤엠(주)
타이탄의 분노,20124717,20120329,장편,미국,액션,조나단 리브스만,NA
타잔 3D,20134533,20140109,장편,독일,애니메이션,라인하드 클루스,NA
타짜-신의 손,20134804,20140903,장편,한국,드라마,강형철,20100123/(주)싸이더스
탐정 : 더 비기닝,20156557,20150924,장편,한국,코미디,김정훈,20061727/(주)크리픽쳐스
탐정 홍길동: 사라진 마을,20142406,20160504,장편,한국,드라마,조성희,20100362/(주)영화사비단길
탐정: 리턴즈,20178161,20180613,장편,한국,코미디,이언희,20061727/(주)크리픽쳐스
택시운전사,20162869,20170802,장편,한국,드라마,장훈,20124216/더램프(주)
터널,20154910,20160810,장편,한국,드라마,김성훈,20100386/(주)어나더썬데이
터닝메카드W: 블랙미러의 부활,20163845,20170118,장편,한국,애니메이션,홍헌표,20172761/㈜희원엔터테인먼트
터미네이터 제니시스,20141384,20150702,장편,미국,액션,앨런 테일러,NA
터보,20137549,20130725,장편,미국,애니메이션,데이빗 소렌,NA
테이큰 2,20128447,20120927,장편,프랑스,액션,올리비에 메가턴,NA
테이큰 3,20143642,20150101,장편,미국,액션,올리비에 메가턴,NA
토르: 다크 월드,20138355,20131030,장편,미국,액션,앨런 테일러,NA
토르: 라그나로크,20175121,20171025,장편,미국,액션,타이카 와이티티,NA
토르: 마법망치의 전설,20113920,20120209,장편,아이슬란드,애니메이션,오스카 요나손,NA
토탈 리콜,20125647,20120815,장편,미국,SF,렌 와이즈먼,NA
투모로우랜드,20159748,20150527,장편,미국,액션,브래드 버드,20101412/월트 디즈니 픽쳐스
툼레이더,20180564,20180308,장편,미국,액션,로아 우타우,NA
트랜센던스,20130522,20140514,장편,미국,SF,월리 피스터,NA
트랜스포머: 사라진 시대,20122021,20140625,장편,미국,액션,마이클 베이,NA
트랜스포머: 최후의 기사,20166967,20170621,장편,미국,액션,마이클 베이,NA
트롤,20161744,20170216,장편,미국,애니메이션,마이크 미첼,20103156/드림웍스 애니메이션
트루스 오어 데어,20183801,20180522,장편,미국,공포(호러),제프 와드로,NA
트리플 엑스 리턴즈,20167716,20170208,장편,미국,액션,D.J. 카루소,NA
특별수사: 사형수의 편지,20159645,20160616,장편,한국,범죄,권종관,20139536/(주)콘텐츠케이
특별시민,20162871,20170426,장편,한국,드라마,박인제,20063202/(주)팔레트픽처스
특종: 량첸살인기,20145504,20151022,장편,한국,스릴러,노덕,20141519/(주)우주필름
파이스토리 : 악당상어 소탕작전,20122803,20130110,장편,미국,애니메이션,마크 A.Z. 디페,NA
파파,20113643,20120201,장편,한국,가족,한지승,20040050/상상필름(주)
파파로티,20129368,20130314,장편,한국,드라마,윤종찬,20100158/케이엠컬쳐㈜
판도라,20144641,20161207,장편,한국,드라마,박정우,20130212/(주)씨에이씨엔터테인먼트
판타스틱 4,20157531,20150820,장편,미국,액션,조쉬 트랭크,NA
패딩턴,20144523,20150107,장편,영국,코미디,폴 킹,NA
패딩턴 2,20178672,20180208,장편,프랑스,코미디,폴 킹,NA
패션왕,20147129,20141106,장편,한국,코미디,오기환,20142728/주식회사 와이랩
패신저스,20161084,20170104,장편,미국,어드벤처,모튼 틸덤,NA
패터슨,20176049,20171221,장편,프랑스,드라마,짐 자무쉬,NA
퍼시 잭슨과 괴물의 바다,20137562,20130912,장편,미국,판타지,쏘어 프류덴탈,NA
퍼시픽 림,20136961,20130711,장편,미국,액션,길예르모 델 토로,NA
퍼시픽 림: 업라이징,20174603,20180321,장편,미국,액션,스티븐 S. 드나이트,NA
퍼펙트 게임,20113260,20111221,장편,한국,드라마,박희곤,20103093/(주)동아수출공사
페르디난드,20177104,20180103,장편,미국,애니메이션,카를로스 살다나,NA
페이스메이커,20113951,20120118,장편,한국,드라마,김달중,20063193/(주)드림캡쳐
포인트 브레이크,20153087,20160107,장편,미국,범죄,에릭슨 코어,NA
폼페이: 최후의 날,20134028,20140220,장편,미국,액션,폴 W.S. 앤더슨,NA
표적,20139164,20140430,장편,한국,액션,창,20100558/(주)바른손이앤에이
퓨리,20140694,20141120,장편,미국,액션,데이비드 에이어,NA
프랑켄슈타인: 불멸의 영웅,20147096,20140206,장편,미국,액션,스튜어트 베티,NA
프렌즈: 몬스터섬의비밀 ,20113271,20111229,장편,일본,애니메이션,야마자키 타카시,NA
프로메테우스,20125086,20120606,장편,미국,SF,리들리 스콧,NA
프리즌,20162181,20170323,장편,한국,범죄,나현,20160723/(주)큐로홀딩스
플랜맨,20138224,20140109,장편,한국,드라마,성시흡,20138715/(주)영화사일취월장
플로리다 프로젝트,20176070,20180307,장편,미국,드라마,션 베이커,NA
플립,20177501,20170712,장편,미국,드라마,롭 라이너,NA
피끓는 청춘,20139881,20140122,장편,한국,코미디,이연우,20140448/(주)담소필름
피에타,20124934,20120906,장편,한국,드라마,김기덕,20100078/(주)김기덕 필름
피터 래빗,20183084,20180516,장편,미국,애니메이션,윌 글럭,NA
픽셀,20158241,20150716,장편,미국,액션,크리스 콜럼버스,NA
하늘에서 음식이 내린다면 2,20133701,20131121,장편,미국,애니메이션,코디 카메론,NA
하루,20166384,20170615,장편,한국,스릴러,조선호,20123375/(주)라인필름
하울링,20110249,20120216,장편,한국,범죄,유하,20100410/오퍼스픽쳐스
하이힐,20136062,20140603,장편,한국,범죄,장진,20137755/장차앤코
하트 오브 더 씨,20144683,20151203,장편,미국,액션,론 하워드,NA
한 솔로: 스타워즈 스토리,20180789,20180524,장편,미국,액션,론 하워드,NA
함정,20143510,20150910,장편,한국,스릴러,권형진,20154208/(주)데이드림
해무(海霧),20134082,20140813,장편,한국,드라마,심성보,20123155/(주)해무
해빙,20150971,20170301,장편,한국,스릴러,이수연,20110933/위더스필름(주)
해어화,20145506,20160413,장편,한국,사극,박흥식,20124216/더램프(주)
해적: 바다로 간 산적,20136064,20140806,장편,한국,어드벤처,이석훈,20100834/(주)하리마오픽쳐스
해피 데스데이,20174622,20171108,장편,미국,공포(호러),크리스토퍼 랜던,NA
허리케인 하이스트,20180302,20180314,장편,미국,액션,롭 코헨,NA
허삼관,20131262,20150114,장편,한국,드라마,하정우,20122495/(주)두타연
허스토리,20172469,20180627,장편,한국,드라마,민규동,20100340/(주)수필름
헌츠맨: 윈터스 워,20158984,20160413,장편,미국,액션,세딕 니콜라스 트로얀,NA
헝거게임: 더 파이널,20151481,20151118,장편,미국,액션,프란시스 로렌스,20104247/라이온스 게이트 필름즈
헝거게임: 모킹제이,20140402,20141120,장편,미국,어드벤처,프란시스 로렌스,20104247/라이온스 게이트 필름즈
헝거게임: 캣칭 파이어,20138544,20131121,장편,미국,판타지,프란시스 로렌스,20104247/라이온스 게이트 필름즈
헝거게임: 판엠의 불꽃,20124127,20120405,장편,미국,액션,게리 로스,20104247/라이온스 게이트 필름즈
헨젤과 그레텔: 마녀 사냥꾼 3D,20133981,20130214,장편,미국,액션,토미 위르콜라,NA
헬머니,20148841,20150305,장편,한국,코미디,신한솔,20100938/(주)전망좋은 영화사
"협녀, 칼의 기억",20130021,20150813,장편,한국,사극,박흥식,20100781/(주)티피에스컴퍼니
형,20154661,20161123,장편,한국,코미디,권수경,20063037/굿초이스컷픽쳐스(주)
호빗: 다섯 군대 전투,20140226,20141217,장편,미국,어드벤처,피터 잭슨,NA
호빗: 뜻밖의 여정,20125048,20121213,장편,미국,어드벤처,피터 잭슨,NA
호빗: 스마우그의 폐허,20134267,20131212,장편,미국,어드벤처,피터 잭슨,NA
혹성탈출: 반격의 서막,20148973,20140710,장편,미국,액션,맷 리브스,NA
혹성탈출: 종의 전쟁,20179901,20170815,장편,미국,액션,맷 리브스,NA
혼숨,20150564,20161026,장편,한국,공포(호러),이두환,20142929/(주)무비스퀘어
셜록홈즈-비밀의 열쇠,20158465,20151119,장편,미국,미스터리,레이첼 골덴버그,NA
화이: 괴물을 삼킨 아이,20123383,20131009,장편,한국,액션,장준환,20100248/나우필름(주)
화이트 하우스 다운,20137815,20130627,장편,미국,액션,롤랜드 에머리히,NA
화차,20124050,20120308,장편,한국,미스터리,변영주,20111355/(주)영화제작소보임
황제를 위하여,20134591,20140611,장편,한국,액션,박상준,20100410/오퍼스픽쳐스
회사원,20113886,20121011,장편,한국,액션,임상윤,20111071/영화사심미안(주)
후궁 : 제왕의 첩,20113533,20120606,장편,한국,사극,김대승,20100584/(주)황기성 사단
흥부: 글로 세상을 바꾼 자,20176121,20180214,장편,한국,사극,조근현,20176364/(주)영화사 궁
히든 피겨스,20167363,20170323,장편,미국,드라마,데오도르 멜피,NA
히말라야,20136068,20151216,장편,한국,드라마,이석훈,20100278/(주)제이케이필름
